{"cameraMode":{"drawMode":0,"name":"Shaded","section":"Shading Mode"},"sceneLighting":true,"audioPlay":false,"sceneViewState":{"showFog":false,"showMaterialUpdate":false,"showSkybox":false,"showFlares":false,"showImageEffects":false,"showParticleSystems":false},"in2DMode":false,"pivot":{"x":6.262850761413574,"y":6.56716775894165,"z":-3.0526716709136965},"rotation":{"x":-0.11930785328149796,"y":0.834423303604126,"z":-0.19917185604572297,"w":-0.4998374283313751},"size":22.55817413330078,"orthographic":false}