{"cameraMode":{"drawMode":0,"name":"Shaded","section":"Shading Mode"},"sceneLighting":false,"audioPlay":false,"sceneViewState":{"showFog":false,"showMaterialUpdate":false,"showSkybox":false,"showFlares":false,"showImageEffects":false,"showParticleSystems":false},"in2DMode":false,"pivot":{"x":1.434807300567627,"y":1.3963943719863892,"z":1.5456963777542115},"rotation":{"x":-0.19099800288677216,"y":0.7755250334739685,"z":-0.2773902416229248,"w":-0.5339878797531128},"size":4.106558322906494,"orthographic":false}