{"cameraMode":{"drawMode":0,"name":"Shaded","section":"Shading Mode"},"sceneLighting":false,"audioPlay":false,"sceneViewState":{"showFog":true,"showMaterialUpdate":false,"showSkybox":true,"showFlares":true,"showImageEffects":true,"showParticleSystems":true},"in2DMode":false,"pivot":{"x":0.7104865312576294,"y":0.11204671859741211,"z":1.0391497611999512},"rotation":{"x":0.009784800931811333,"y":-0.9863553047180176,"z":0.06370826810598374,"w":0.15149329602718354},"size":3.7414779663085939,"orthographic":false}