{"cameraMode":{"drawMode":0,"name":"Shaded","section":"Shading Mode"},"sceneLighting":false,"audioPlay":false,"sceneViewState":{"showFog":false,"showMaterialUpdate":false,"showSkybox":false,"showFlares":false,"showImageEffects":false,"showParticleSystems":false},"in2DMode":false,"pivot":{"x":0.3119072914123535,"y":0.39776507019996645,"z":0.07246875762939453},"rotation":{"x":-0.057557571679353717,"y":0.9339427351951599,"z":-0.17574582993984223,"w":-0.3058760166168213},"size":3.675889492034912,"orthographic":false}