{"cameraMode":{"drawMode":0,"name":"Shaded","section":"Shading Mode"},"sceneLighting":true,"audioPlay":false,"sceneViewState":{"showFog":false,"showMaterialUpdate":false,"showSkybox":false,"showFlares":false,"showImageEffects":false,"showParticleSystems":false},"in2DMode":false,"pivot":{"x":7.081055164337158,"y":5.668203830718994,"z":-5.103655815124512},"rotation":{"x":-0.39443904161453249,"y":0.0995001271367073,"z":-0.043009158223867419,"w":-0.9125117659568787},"size":3.306537389755249,"orthographic":false}